{
  "strategy": "ddp",
  "model": "1b",
  "world_size": 4,
  "seq_len": 2048,
  "batch_size": 1,
  "grad_accum": 1,
  "dtype": "bf16",
  "activation_checkpointing": false,
  "num_params_b": 1.2358144,
  "device": "cuda",
  "backend": "nccl",
  "oom": false,
  "impl": "hf",
  "sharding": {
    "global_params": 1235814400,
    "local_params_per_rank": 1235814400,
    "param_shard_ratio": 1.0,
    "optimizer_state_mb_per_rank": 9886.5152
  },
  "tokens_per_sec_global": 43923.352206218646,
  "tokens_per_sec_per_gpu": 10980.838051554661,
  "step_time_ms": 186.50671200000488,
  "peak_alloc_gb": 29.691080704,
  "peak_reserved_gb": 31.534874624,
  "gpu_util_pct": 99.9342105263158,
  "comm_fraction": 0.13803470972494344,
  "comm_us": 535416.177999999,
  "total_cuda_us": 3878851.7690000045
}