{
  "strategy": "ddp",
  "model": "1b",
  "world_size": 8,
  "seq_len": 2048,
  "batch_size": 1,
  "grad_accum": 1,
  "dtype": "bf16",
  "activation_checkpointing": false,
  "num_params_b": 1.2358144,
  "device": "cuda",
  "backend": "nccl",
  "oom": false,
  "impl": "hf",
  "sharding": {
    "global_params": 1235814400,
    "local_params_per_rank": 1235814400,
    "param_shard_ratio": 1.0,
    "optimizer_state_mb_per_rank": 9886.5152
  },
  "tokens_per_sec_global": 86560.63510146664,
  "tokens_per_sec_per_gpu": 10820.07938768333,
  "step_time_ms": 189.27772399999867,
  "peak_alloc_gb": 29.69110528,
  "peak_reserved_gb": 31.409045504,
  "gpu_util_pct": 99.92576754385965,
  "comm_fraction": 0.15705883787415578,
  "comm_us": 633946.4360000015,
  "total_cuda_us": 4036362.7069999995
}