{
  "strategy": "ddp",
  "model": "1b",
  "world_size": 2,
  "seq_len": 2048,
  "batch_size": 1,
  "grad_accum": 1,
  "dtype": "bf16",
  "activation_checkpointing": false,
  "num_params_b": 1.2358144,
  "device": "cuda",
  "backend": "nccl",
  "oom": false,
  "impl": "hf",
  "sharding": {
    "global_params": 1235814400,
    "local_params_per_rank": 1235814400,
    "param_shard_ratio": 1.0,
    "optimizer_state_mb_per_rank": 9886.5152
  },
  "tokens_per_sec_global": 22380.566490768637,
  "tokens_per_sec_per_gpu": 11190.283245384318,
  "step_time_ms": 183.01592149999806,
  "peak_alloc_gb": 29.690048512,
  "peak_reserved_gb": 31.392268288,
  "gpu_util_pct": 99.89473684210526,
  "comm_fraction": 0.11467031399311718,
  "comm_us": 418476.6339999989,
  "total_cuda_us": 3649389.449
}