{
  "strategy": "fsdp",
  "model": "1b",
  "world_size": 2,
  "seq_len": 2048,
  "batch_size": 1,
  "grad_accum": 1,
  "dtype": "bf16",
  "activation_checkpointing": false,
  "num_params_b": 1.2358144,
  "device": "cuda",
  "backend": "nccl",
  "oom": false,
  "impl": "hf",
  "sharding": {
    "global_params": 1235814400,
    "local_params_per_rank": 617907200,
    "param_shard_ratio": 2.0,
    "optimizer_state_mb_per_rank": 4943.2576
  },
  "tokens_per_sec_global": 26826.867515196205,
  "tokens_per_sec_per_gpu": 13413.433757598103,
  "step_time_ms": 152.68275350000522,
  "peak_alloc_gb": 14.830489088,
  "peak_reserved_gb": 20.019412992,
  "gpu_util_pct": 98.9375,
  "comm_fraction": 0.08583313591445413,
  "comm_us": 285626.93900000025,
  "total_cuda_us": 3327700.147000003
}