{
  "strategy": "fsdp",
  "model": "1b",
  "world_size": 4,
  "seq_len": 2048,
  "batch_size": 1,
  "grad_accum": 1,
  "dtype": "bf16",
  "activation_checkpointing": false,
  "num_params_b": 1.2358144,
  "device": "cuda",
  "backend": "nccl",
  "oom": false,
  "impl": "hf",
  "sharding": {
    "global_params": 1235814400,
    "local_params_per_rank": 308953600,
    "param_shard_ratio": 4.0,
    "optimizer_state_mb_per_rank": 2471.6288
  },
  "tokens_per_sec_global": 55504.38443984509,
  "tokens_per_sec_per_gpu": 13876.096109961272,
  "step_time_ms": 147.59194399999842,
  "peak_alloc_gb": 11.121153536,
  "peak_reserved_gb": 14.482931712,
  "gpu_util_pct": 98.56666666666666,
  "comm_fraction": 0.1473125270146716,
  "comm_us": 593235.2689999989,
  "total_cuda_us": 4027052.424000001
}