{
  "strategy": "fsdp",
  "model": "8b",
  "world_size": 8,
  "seq_len": 2048,
  "batch_size": 1,
  "grad_accum": 1,
  "dtype": "bf16",
  "activation_checkpointing": true,
  "num_params_b": 8.030261248,
  "device": "cuda",
  "backend": "nccl",
  "oom": false,
  "impl": "hf",
  "sharding": {
    "global_params": 8030261248,
    "local_params_per_rank": 1003782656,
    "param_shard_ratio": 8.0,
    "optimizer_state_mb_per_rank": 8030.261248
  },
  "tokens_per_sec_global": 5052.976850107354,
  "tokens_per_sec_per_gpu": 631.6221062634193,
  "step_time_ms": 3242.4450944499995,
  "peak_alloc_gb": 21.8563968,
  "peak_reserved_gb": 28.726788096,
  "gpu_util_pct": 99.90927110243427,
  "comm_fraction": 0.32507193030405557,
  "comm_us": 28670523.925999977,
  "total_cuda_us": 88197476.47600038
}