{
  "strategy": "fsdp",
  "model": "8b",
  "world_size": 2,
  "seq_len": 2048,
  "batch_size": 1,
  "grad_accum": 1,
  "dtype": "bf16",
  "activation_checkpointing": true,
  "num_params_b": 8.030261248,
  "device": "cuda",
  "backend": "nccl",
  "oom": false,
  "impl": "hf",
  "sharding": {
    "global_params": 8030261248,
    "local_params_per_rank": 4015130624,
    "param_shard_ratio": 2.0,
    "optimizer_state_mb_per_rank": 32121.044992
  },
  "tokens_per_sec_global": 4571.190762881797,
  "tokens_per_sec_per_gpu": 2285.5953814408986,
  "step_time_ms": 896.0466128999997,
  "peak_alloc_gb": 68.462628864,
  "peak_reserved_gb": 78.913732608,
  "gpu_util_pct": 98.9715909090909,
  "comm_fraction": 0.09447846730760077,
  "comm_us": 2055789.7640000116,
  "total_cuda_us": 21759347.104000106
}