{
  "strategy": "fsdp",
  "model": "1b",
  "world_size": 8,
  "seq_len": 2048,
  "batch_size": 1,
  "grad_accum": 1,
  "dtype": "bf16",
  "activation_checkpointing": false,
  "num_params_b": 1.2358144,
  "device": "cuda",
  "backend": "nccl",
  "oom": false,
  "impl": "hf",
  "sharding": {
    "global_params": 1235814400,
    "local_params_per_rank": 154476800,
    "param_shard_ratio": 8.0,
    "optimizer_state_mb_per_rank": 1235.8144
  },
  "tokens_per_sec_global": 112407.67347044908,
  "tokens_per_sec_per_gpu": 14050.959183806135,
  "step_time_ms": 145.75517394999906,
  "peak_alloc_gb": 9.305783808,
  "peak_reserved_gb": 12.008292352,
  "gpu_util_pct": 98.69166666666668,
  "comm_fraction": 0.12722445991257295,
  "comm_us": 482252.2909999988,
  "total_cuda_us": 3790562.689999993
}