{
  "strategy": "fsdp",
  "model": "8b",
  "world_size": 8,
  "seq_len": 2048,
  "batch_size": 1,
  "grad_accum": 1,
  "dtype": "bf16",
  "activation_checkpointing": true,
  "num_params_b": 8.030261248,
  "device": "cuda",
  "backend": "nccl",
  "oom": false,
  "impl": "hf",
  "sharding": {
    "global_params": 8030261248,
    "local_params_per_rank": 1003782656,
    "param_shard_ratio": 8.0,
    "optimizer_state_mb_per_rank": 8030.261248
  },
  "tokens_per_sec_global": 19842.300833835387,
  "tokens_per_sec_per_gpu": 2480.2876042294233,
  "step_time_ms": 825.7106944000043,
  "peak_alloc_gb": 21.8563968,
  "peak_reserved_gb": 28.202500096,
  "gpu_util_pct": 98.60580397470642,
  "comm_fraction": 0.12087153665594647,
  "comm_us": 2616199.70499999,
  "total_cuda_us": 21644464.67200003
}