{
  "strategy": "fsdp",
  "model": "8b",
  "world_size": 4,
  "seq_len": 2048,
  "batch_size": 1,
  "grad_accum": 1,
  "dtype": "bf16",
  "activation_checkpointing": true,
  "num_params_b": 8.030261248,
  "device": "cuda",
  "backend": "nccl",
  "oom": false,
  "impl": "hf",
  "sharding": {
    "global_params": 8030261248,
    "local_params_per_rank": 2007565312,
    "param_shard_ratio": 4.0,
    "optimizer_state_mb_per_rank": 16060.522496
  },
  "tokens_per_sec_global": 9567.958138945936,
  "tokens_per_sec_per_gpu": 2391.989534736484,
  "step_time_ms": 856.1910369000088,
  "peak_alloc_gb": 37.392072192,
  "peak_reserved_gb": 45.122322432,
  "gpu_util_pct": 98.71148459383754,
  "comm_fraction": 0.12497773335794962,
  "comm_us": 2854802.3529999913,
  "total_cuda_us": 22842487.82799998
}