{
  "strategy": "ddp",
  "model": "1b",
  "world_size": 2,
  "seq_len": 2048,
  "batch_size": 1,
  "grad_accum": 1,
  "dtype": "bf16",
  "activation_checkpointing": false,
  "num_params_b": 1.2358144,
  "device": "cuda",
  "backend": "nccl",
  "oom": false,
  "impl": "hf",
  "sharding": {
    "global_params": 1235814400,
    "local_params_per_rank": 1235814400,
    "param_shard_ratio": 1.0,
    "optimizer_state_mb_per_rank": 9886.5152
  },
  "tokens_per_sec_global": 22463.50711887194,
  "tokens_per_sec_per_gpu": 11231.75355943597,
  "step_time_ms": 182.34018304999609,
  "peak_alloc_gb": 29.690048512,
  "peak_reserved_gb": 31.348228096,
  "gpu_util_pct": 99.94736842105263,
  "comm_fraction": 0.1210014524456777,
  "comm_us": 448218.1390000015,
  "total_cuda_us": 3704237.6759999986
}