{
  "strategy": "ddp",
  "model": "1b",
  "world_size": 8,
  "seq_len": 2048,
  "batch_size": 1,
  "grad_accum": 1,
  "dtype": "bf16",
  "activation_checkpointing": false,
  "num_params_b": 1.2358144,
  "device": "cuda",
  "backend": "nccl",
  "oom": false,
  "impl": "hf",
  "sharding": {
    "global_params": 1235814400,
    "local_params_per_rank": 1235814400,
    "param_shard_ratio": 1.0,
    "optimizer_state_mb_per_rank": 9886.5152
  },
  "tokens_per_sec_global": 21530.77110996482,
  "tokens_per_sec_per_gpu": 2691.3463887456023,
  "step_time_ms": 760.9574183999939,
  "peak_alloc_gb": 29.690056704,
  "peak_reserved_gb": 30.589059072,
  "gpu_util_pct": 99.97115384615384,
  "comm_fraction": 0.4863299111414223,
  "comm_us": 6707886.077000003,
  "total_cuda_us": 13792871.718000054
}