{
  "strategy": "fsdp",
  "model": "1b",
  "world_size": 4,
  "seq_len": 2048,
  "batch_size": 1,
  "grad_accum": 1,
  "dtype": "bf16",
  "activation_checkpointing": false,
  "num_params_b": 1.2358144,
  "device": "cuda",
  "backend": "nccl",
  "oom": false,
  "impl": "hf",
  "sharding": {
    "global_params": 1235814400,
    "local_params_per_rank": 308953600,
    "param_shard_ratio": 4.0,
    "optimizer_state_mb_per_rank": 2471.6288
  },
  "tokens_per_sec_global": 56820.59560342187,
  "tokens_per_sec_per_gpu": 14205.148900855467,
  "step_time_ms": 144.17307515000175,
  "peak_alloc_gb": 11.121153536,
  "peak_reserved_gb": 15.017705472,
  "gpu_util_pct": 99.48333333333335,
  "comm_fraction": 0.10490300019237034,
  "comm_us": 351425.31500000035,
  "total_cuda_us": 3350002.5199999926
}