{
  "strategy": "fsdp",
  "model": "1b",
  "world_size": 2,
  "seq_len": 2048,
  "batch_size": 1,
  "grad_accum": 1,
  "dtype": "bf16",
  "activation_checkpointing": false,
  "num_params_b": 1.2358144,
  "device": "cuda",
  "backend": "nccl",
  "oom": false,
  "impl": "hf",
  "sharding": {
    "global_params": 1235814400,
    "local_params_per_rank": 617907200,
    "param_shard_ratio": 2.0,
    "optimizer_state_mb_per_rank": 4943.2576
  },
  "tokens_per_sec_global": 27109.69963486305,
  "tokens_per_sec_per_gpu": 13554.849817431525,
  "step_time_ms": 151.08983334999948,
  "peak_alloc_gb": 14.830489088,
  "peak_reserved_gb": 20.774387712,
  "gpu_util_pct": 99.67857142857142,
  "comm_fraction": 0.08916402491155578,
  "comm_us": 300177.46000000037,
  "total_cuda_us": 3366575.9290000037
}